Name,GivenName,Surname,DisplayName,SAMAccountName,Description
David Guy,David,Guy,Dave R. Guy,Dave,Customer Appreciation Manager
Alfredo Fettucine,Alfredo,Fettuccine,Alfie NoNose,Alfie,Shop Foreman
Stanley Behr,Stanley,Behr,Stanley T. Behr, Stanley,Webmaster 
Priscilla Catz,Priscilla,Catz,Dame Priscilla,Priscilla,Shop Steward
Harold Catz,Harold,Catz,Harold S. Catz,Harold,Engineering Manager
William Wallace,William,Wallace,Sir William Wallace,Wally,Marketing Manager
Trey Barksdale,Trey,Barksdale,Lord Barksalot,Trey,Sales Manager
Charlie Russel,Charlie,Russel,Charlie Russel,Charlie,SuperUser Account
